Insert into CARGOS (ID_CARGO,NOMBRE_CARGO,MIN_SALARY,MAX_SALARY) values ('AD_PRES','President',20000,40000);
Insert into CARGOS (ID_CARGO,NOMBRE_CARGO,MIN_SALARY,MAX_SALARY) values ('AD_VP','istration Vice President',15000,30000);
Insert into CARGOS (ID_CARGO,NOMBRE_CARGO,MIN_SALARY,MAX_SALARY) values ('AD_ASST','istration Assistant',3000,6000);
Insert into CARGOS (ID_CARGO,NOMBRE_CARGO,MIN_SALARY,MAX_SALARY) values ('FI_MGR','Finance Manager',8200,16000);
Insert into CARGOS (ID_CARGO,NOMBRE_CARGO,MIN_SALARY,MAX_SALARY) values ('FI_ACCOUNT','Accountant',4200,9000);
Insert into CARGOS (ID_CARGO,NOMBRE_CARGO,MIN_SALARY,MAX_SALARY) values ('AC_MGR','Accounting Manager',8200,16000);
Insert into CARGOS (ID_CARGO,NOMBRE_CARGO,MIN_SALARY,MAX_SALARY) values ('AC_ACCOUNT','Public Accountant',4200,9000);
Insert into CARGOS (ID_CARGO,NOMBRE_CARGO,MIN_SALARY,MAX_SALARY) values ('SA_MAN','Sales Manager',10000,20000);
Insert into CARGOS (ID_CARGO,NOMBRE_CARGO,MIN_SALARY,MAX_SALARY) values ('SA_REP','Sales Representative',6000,12000);
Insert into CARGOS (ID_CARGO,NOMBRE_CARGO,MIN_SALARY,MAX_SALARY) values ('PU_MAN','Purchasing Manager',8000,15000);
Insert into CARGOS (ID_CARGO,NOMBRE_CARGO,MIN_SALARY,MAX_SALARY) values ('PU_CLERK','Purchasing Clerk',2500,5500);
Insert into CARGOS (ID_CARGO,NOMBRE_CARGO,MIN_SALARY,MAX_SALARY) values ('ST_MAN','Stock Manager',5500,8500);
Insert into CARGOS (ID_CARGO,NOMBRE_CARGO,MIN_SALARY,MAX_SALARY) values ('ST_CLERK','Stock Clerk',2000,5000);
Insert into CARGOS (ID_CARGO,NOMBRE_CARGO,MIN_SALARY,MAX_SALARY) values ('SH_CLERK','Shipping Clerk',2500,5500);
Insert into CARGOS (ID_CARGO,NOMBRE_CARGO,MIN_SALARY,MAX_SALARY) values ('IT_PROG','Programmer',4000,10000);
Insert into CARGOS (ID_CARGO,NOMBRE_CARGO,MIN_SALARY,MAX_SALARY) values ('MK_MAN','Marketing Manager',9000,15000);
Insert into CARGOS (ID_CARGO,NOMBRE_CARGO,MIN_SALARY,MAX_SALARY) values ('MK_REP','Marketing Representative',4000,9000);
Insert into CARGOS (ID_CARGO,NOMBRE_CARGO,MIN_SALARY,MAX_SALARY) values ('HR_REP','Human Resources Representative',4000,9000);
Insert into CARGOS (ID_CARGO,NOMBRE_CARGO,MIN_SALARY,MAX_SALARY) values ('PR_REP','Public Relations Representative',4500,10500);


Insert into departamentos (id_departmento,nombre_departamento) values (10,'Administración');
Insert into departamentos (id_departmento,nombre_departamento) values (20,'Márketing');
Insert into departamentos (id_departmento,nombre_departamento) values (30,'Adquisiciones');
Insert into departamentos (id_departmento,nombre_departamento) values (40,'Recursos humanos');
Insert into departamentos (id_departmento,nombre_departamento) values (50,'Transporte');
Insert into departamentos (id_departmento,nombre_departamento) values (60,'ESO');
Insert into departamentos (id_departmento,nombre_departamento) values (70,'Relaciones públicas');
Insert into departamentos (id_departmento,nombre_departamento) values (80,'Ventas');
Insert into departamentos (id_departmento,nombre_departamento) values (90,'Ejecutivo');
Insert into departamentos (id_departmento,nombre_departamento) values (100,'Finanzas');
Insert into departamentos (id_departmento,nombre_departamento) values (110,'Contabilidad');
Insert into departamentos (id_departmento,nombre_departamento) values (120,'Tesorería');
Insert into departamentos (id_departmento,nombre_departamento) values (130,'Impuesto corporativo');
Insert into departamentos (id_departmento,nombre_departamento) values (140,'Control y crédito');
Insert into departamentos (id_departmento,nombre_departamento) values (150,'Servicios al accionista');
Insert into departamentos (id_departmento,nombre_departamento) values (160,'Beneficios');
Insert into departamentos (id_departmento,nombre_departamento) values (170,'Fabricación');
Insert into departamentos (id_departmento,nombre_departamento) values (180,'Construcción');
Insert into departamentos (id_departmento,nombre_departamento) values (190,'Contratación');
Insert into departamentos (id_departmento,nombre_departamento) values (200,'Operaciones');
Insert into departamentos (id_departmento,nombre_departamento) values (210,'Soporte de TI');
Insert into departamentos (id_departmento,nombre_departamento) values (220,'NOC');
Insert into departamentos (id_departmento,nombre_departamento) values (230,'Servicio de ayuda informatica');
Insert into departamentos (id_departmento,nombre_departamento) values (240,'Ventas gubernamentales');
Insert into departamentos (id_departmento,nombre_departamento) values (250,'Ventas al por menor');
Insert into departamentos (id_departmento,nombre_departamento) values (260,'Reclutamiento');
Insert into departamentos (id_departmento,nombre_departamento) values (270,'Nómina de sueldos');


Insert into empleados (id_empleado,nombre,apellidomaterno,apellidopaterno,email,numerotelefono,fechacontratacion,fechanacimiento,id_cargo,salario,comission,id_jefe,id_departmento, direccion) values (100,'Steven','King','Marlow','SKING@hotmail.com','515.123.4567',to_date('17-06-1987','DD/MM/RR'),to_date('17-06-1957','DD/MM/RR'),'AD_PRES',24000,NULL,null,90,'direccion1');
Insert into empleados (id_empleado,nombre,apellidomaterno,apellidopaterno,email,numerotelefono,fechacontratacion,fechanacimiento,id_cargo,salario,comission,id_jefe,id_departmento, direccion) values (101,'Neena','Kochhar','Olson','NKOCHHAR@hotmail.com','515.123.4568',to_date('21-09-1989','DD/MM/RR'),to_date('21-09-1959','DD/MM/RR'),'AD_VP',17000,NULL,100,90,'direccion2');
Insert into empleados (id_empleado,nombre,apellidomaterno,apellidopaterno,email,numerotelefono,fechacontratacion,fechanacimiento,id_cargo,salario,comission,id_jefe,id_departmento, direccion) values (102,'Lex','De Haan','Mallin','LDEHAAN@hotmail.com','515.123.4569',to_date('13-01-1993','DD/MM/RR'),to_date('13-01-1963','DD/MM/RR'),'AD_VP',17000,NULL,100,90,'direccion3');
Insert into empleados (id_empleado,nombre,apellidomaterno,apellidopaterno,email,numerotelefono,fechacontratacion,fechanacimiento,id_cargo,salario,comission,id_jefe,id_departmento, direccion) values (103,'Alexander','Hunold','Rogers','AHUNOLD@hotmail.com','590.423.4567',to_date('03-01-1990','DD/MM/RR'),to_date('03-01-1960','DD/MM/RR'),'IT_PROG',9000,NULL,102,60,'direccion4');
Insert into empleados (id_empleado,nombre,apellidomaterno,apellidopaterno,email,numerotelefono,fechacontratacion,fechanacimiento,id_cargo,salario,comission,id_jefe,id_departmento, direccion) values (104,'Bruce','Ernst','Gee','BERNST@hotmail.com','590.423.4568',to_date('21-05-1991','DD/MM/RR'),to_date('21-05-1961','DD/MM/RR'),'IT_PROG',6000,NULL,103,60,'direccion5');
Insert into empleados (id_empleado,nombre,apellidomaterno,apellidopaterno,email,numerotelefono,fechacontratacion,fechanacimiento,id_cargo,salario,comission,id_jefe,id_departmento, direccion) values (105,'David','Austin','Philtanker','DAUSTIN@hotmail.com','590.423.4569',to_date('25-06-1997','DD/MM/RR'),to_date('25-06-1967','DD/MM/RR'),'IT_PROG',4800,NULL,103,60,'direccion6');
Insert into empleados (id_empleado,nombre,apellidomaterno,apellidopaterno,email,numerotelefono,fechacontratacion,fechanacimiento,id_cargo,salario,comission,id_jefe,id_departmento, direccion) values (106,'Valli','Pataballa','Ladwig','VPATABAL@hotmail.com','590.423.4560',to_date('05-02-1998','DD/MM/RR'),to_date('05-02-1968','DD/MM/RR'),'IT_PROG',4800,NULL,103,60,'direccion7');
Insert into empleados (id_empleado,nombre,apellidomaterno,apellidopaterno,email,numerotelefono,fechacontratacion,fechanacimiento,id_cargo,salario,comission,id_jefe,id_departmento, direccion) values (107,'Diana','Lorentz','Stiles','DLORENTZ@hotmail.com','590.423.5567',to_date('07-02-1999','DD/MM/RR'),to_date('07-02-1969','DD/MM/RR'),'IT_PROG',4200,0.1,103,60,'direccion8');
Insert into empleados (id_empleado,nombre,apellidomaterno,apellidopaterno,email,numerotelefono,fechacontratacion,fechanacimiento,id_cargo,salario,comission,id_jefe,id_departmento, direccion) values (108,'Nancy','Greenberg','Seo','NGREENBE@hotmail.com','515.124.4569',to_date('17-08-1994','DD/MM/RR'),to_date('17-08-1964','DD/MM/RR'),'FI_MGR',12000,NULL,101,100,'direccion9');
Insert into empleados (id_empleado,nombre,apellidomaterno,apellidopaterno,email,numerotelefono,fechacontratacion,fechanacimiento,id_cargo,salario,comission,id_jefe,id_departmento, direccion) values (109,'Daniel','Faviet','Patel','DFAVIET@hotmail.com','515.124.4169',to_date('16-08-1994','DD/MM/RR'),to_date('16-08-1964','DD/MM/RR'),'FI_ACCOUNT',9000,NULL,108,100,'direccion10');
Insert into empleados (id_empleado,nombre,apellidomaterno,apellidopaterno,email,numerotelefono,fechacontratacion,fechanacimiento,id_cargo,salario,comission,id_jefe,id_departmento, direccion) values (110,'John','Chen','Rajs','JCHEN@hotmail.com','515.124.4269',to_date('28-09-1997','DD/MM/RR'),to_date('28-09-1967','DD/MM/RR'),'FI_ACCOUNT',8200,NULL,108,100,'direccion11');
Insert into empleados (id_empleado,nombre,apellidomaterno,apellidopaterno,email,numerotelefono,fechacontratacion,fechanacimiento,id_cargo,salario,comission,id_jefe,id_departmento, direccion) values (111,'Ismael','Sciarra','Davies','ISCIARRA@hotmail.com','515.124.4369',to_date('30-09-1997','DD/MM/RR'),to_date('30-09-1967','DD/MM/RR'),'FI_ACCOUNT',7700,NULL,108,100,'direccion12');
Insert into empleados (id_empleado,nombre,apellidomaterno,apellidopaterno,email,numerotelefono,fechacontratacion,fechanacimiento,id_cargo,salario,comission,id_jefe,id_departmento, direccion) values (112,'Jose Manuel','Urman','Matos','JMURMAN@hotmail.com','515.124.4469',to_date('07-03-1998','DD/MM/RR'),to_date('07-03-1968','DD/MM/RR'),'FI_ACCOUNT',7800,NULL,108,100,'direccion13');
Insert into empleados (id_empleado,nombre,apellidomaterno,apellidopaterno,email,numerotelefono,fechacontratacion,fechanacimiento,id_cargo,salario,comission,id_jefe,id_departmento, direccion) values (113,'Luis','Popp','Vargas','LPOPP@hotmail.com','515.124.4567',to_date('07-12-1999','DD/MM/RR'),to_date('07-12-1969','DD/MM/RR'),'FI_ACCOUNT',6900,NULL,108,100,'direccion14');
Insert into empleados (id_empleado,nombre,apellidomaterno,apellidopaterno,email,numerotelefono,fechacontratacion,fechanacimiento,id_cargo,salario,comission,id_jefe,id_departmento, direccion) values (114,'Den','Raphaely','Russell','DRAPHEAL@hotmail.com','515.127.4561',to_date('07-12-1994','DD/MM/RR'),to_date('07-12-1964','DD/MM/RR'),'PU_MAN',11000,NULL,100,30,'direccion15');
Insert into empleados (id_empleado,nombre,apellidomaterno,apellidopaterno,email,numerotelefono,fechacontratacion,fechanacimiento,id_cargo,salario,comission,id_jefe,id_departmento, direccion) values (115,'Alexander','Khoo','Partners','AKHOO@hotmail.com','515.127.4562',to_date('18-05-1995','DD/MM/RR'),to_date('18-05-1965','DD/MM/RR'),'PU_CLERK',3100,NULL,114,30,'direccion16');
Insert into empleados (id_empleado,nombre,apellidomaterno,apellidopaterno,email,numerotelefono,fechacontratacion,fechanacimiento,id_cargo,salario,comission,id_jefe,id_departmento, direccion) values (116,'Shelli','Baida','Errazuriz','SBAIDA@hotmail.com','515.127.4563',to_date('24-12-1997','DD/MM/RR'),to_date('24-12-1967','DD/MM/RR'),'PU_CLERK',2900,0.1,114,30,'direccion17');
Insert into empleados (id_empleado,nombre,apellidomaterno,apellidopaterno,email,numerotelefono,fechacontratacion,fechanacimiento,id_cargo,salario,comission,id_jefe,id_departmento, direccion) values (117,'Sigal','Tobias','Cambrault','STOBIAS@hotmail.com','515.127.4564',to_date('24-07-1997','DD/MM/RR'),to_date('24-07-1967','DD/MM/RR'),'PU_CLERK',2800,NULL,114,30,'direccion18');
Insert into empleados (id_empleado,nombre,apellidomaterno,apellidopaterno,email,numerotelefono,fechacontratacion,fechanacimiento,id_cargo,salario,comission,id_jefe,id_departmento, direccion) values (118,'Guy','Himuro','Zlotkey','GHIMURO@hotmail.com','515.127.4565',to_date('15-11-1998','DD/MM/RR'),to_date('15-11-1968','DD/MM/RR'),'PU_CLERK',2600,0.1,114,30,'direccion19');
Insert into empleados (id_empleado,nombre,apellidomaterno,apellidopaterno,email,numerotelefono,fechacontratacion,fechanacimiento,id_cargo,salario,comission,id_jefe,id_departmento, direccion) values (119,'Karen','Colmenares','Tucker','KCOLMENA@hotmail.com','515.127.4566',to_date('10-08-1999','DD/MM/RR'),to_date('10-08-1969','DD/MM/RR'),'PU_CLERK',2500,NULL,114,30,'direccion20');
Insert into empleados (id_empleado,nombre,apellidomaterno,apellidopaterno,email,numerotelefono,fechacontratacion,fechanacimiento,id_cargo,salario,comission,id_jefe,id_departmento, direccion) values (120,'Matthew','Weiss','Bernstein','MWEISS@hotmail.com','650.123.1234',to_date('18-07-1996','DD/MM/RR'),to_date('18-07-1966','DD/MM/RR'),'ST_MAN',8000,NULL,100,50,'direccion21');
Insert into empleados (id_empleado,nombre,apellidomaterno,apellidopaterno,email,numerotelefono,fechacontratacion,fechanacimiento,id_cargo,salario,comission,id_jefe,id_departmento, direccion) values (121,'Adam','Fripp','Hall','AFRIPP@hotmail.com','650.123.2234',to_date('10-04-1997','DD/MM/RR'),to_date('10-04-1967','DD/MM/RR'),'ST_MAN',8200,0.1,100,50,'direccion22');
Insert into empleados (id_empleado,nombre,apellidomaterno,apellidopaterno,email,numerotelefono,fechacontratacion,fechanacimiento,id_cargo,salario,comission,id_jefe,id_departmento, direccion) values (122,'Payam','Kaufling','Olsen','PKAUFLIN@hotmail.com','650.123.3234',to_date('01-05-1995','DD/MM/RR'),to_date('01-05-1965','DD/MM/RR'),'ST_MAN',7900,NULL,100,50,'direccion23');
Insert into empleados (id_empleado,nombre,apellidomaterno,apellidopaterno,email,numerotelefono,fechacontratacion,fechanacimiento,id_cargo,salario,comission,id_jefe,id_departmento, direccion) values (123,'Shanta','Vollman','Cambrault','SVOLLMAN@hotmail.com','650.123.4234',to_date('10-10-1997','DD/MM/RR'),to_date('10-10-1967','DD/MM/RR'),'ST_MAN',6500,NULL,100,50,'direccion24');
Insert into empleados (id_empleado,nombre,apellidomaterno,apellidopaterno,email,numerotelefono,fechacontratacion,fechanacimiento,id_cargo,salario,comission,id_jefe,id_departmento, direccion) values (124,'Kevin','Mourgos','Tuvault','KMOURGOS@hotmail.com','650.123.5234',to_date('16-11-1999','DD/MM/RR'),to_date('16-11-1969','DD/MM/RR'),'ST_MAN',5800,0.1,100,50,'direccion25');
Insert into empleados (id_empleado,nombre,apellidomaterno,apellidopaterno,email,numerotelefono,fechacontratacion,fechanacimiento,id_cargo,salario,comission,id_jefe,id_departmento, direccion) values (125,'Julia','Nayer','King','JNAYER@hotmail.com','650.124.1214',to_date('16-07-1997','DD/MM/RR'),to_date('16-07-1967','DD/MM/RR'),'ST_CLERK',3200,NULL,120,50,'direccion26');
Insert into empleados (id_empleado,nombre,apellidomaterno,apellidopaterno,email,numerotelefono,fechacontratacion,fechanacimiento,id_cargo,salario,comission,id_jefe,id_departmento, direccion) values (126,'Irene','Mikkilineni','Sully','IMIKKILI@hotmail.com','650.124.1224',to_date('28-09-1998','DD/MM/RR'),to_date('28-09-1968','DD/MM/RR'),'ST_CLERK',2700,0.1,120,50,'direccion27');
Insert into empleados (id_empleado,nombre,apellidomaterno,apellidopaterno,email,numerotelefono,fechacontratacion,fechanacimiento,id_cargo,salario,comission,id_jefe,id_departmento, direccion) values (127,'James','Landry','McEwen','JLANDRY@hotmail.com','650.124.1334',to_date('14-01-1999','DD/MM/RR'),to_date('14-01-1969','DD/MM/RR'),'ST_CLERK',2400,NULL,120,50,'direccion28');
Insert into empleados (id_empleado,nombre,apellidomaterno,apellidopaterno,email,numerotelefono,fechacontratacion,fechanacimiento,id_cargo,salario,comission,id_jefe,id_departmento, direccion) values (128,'Steven','Markle','Smith','SMARKLE@hotmail.com','650.124.1434',to_date('08-03-2000','DD/MM/RR'),to_date('08-03-1970','DD/MM/RR'),'ST_CLERK',2200,NULL,120,50,'direccion29');
Insert into empleados (id_empleado,nombre,apellidomaterno,apellidopaterno,email,numerotelefono,fechacontratacion,fechanacimiento,id_cargo,salario,comission,id_jefe,id_departmento, direccion) values (129,'Laura','Bissot','Doran','LBISSOT@hotmail.com','650.124.5234',to_date('20-08-1997','DD/MM/RR'),to_date('20-08-1967','DD/MM/RR'),'ST_CLERK',3300,0.1,121,50,'direccion30');
Insert into empleados (id_empleado,nombre,apellidomaterno,apellidopaterno,email,numerotelefono,fechacontratacion,fechanacimiento,id_cargo,salario,comission,id_jefe,id_departmento, direccion) values (130,'Mozhe','Atkinson','Marlow','MATKINSO@hotmail.com','650.124.6234',to_date('30-10-1997','DD/MM/RR'),to_date('30-10-1967','DD/MM/RR'),'ST_CLERK',2800,NULL,121,50,'direccion31');
Insert into empleados (id_empleado,nombre,apellidomaterno,apellidopaterno,email,numerotelefono,fechacontratacion,fechanacimiento,id_cargo,salario,comission,id_jefe,id_departmento, direccion) values (131,'James','Marlow','Olson','JAMRLOW@hotmail.com','650.124.7234',to_date('16-02-1997','DD/MM/RR'),to_date('16-02-1967','DD/MM/RR'),'ST_CLERK',2500,NULL,121,50,'direccion32');
Insert into empleados (id_empleado,nombre,apellidomaterno,apellidopaterno,email,numerotelefono,fechacontratacion,fechanacimiento,id_cargo,salario,comission,id_jefe,id_departmento, direccion) values (132,'TJ','Olson','Mallin','TJOLSON@hotmail.com','650.124.8234',to_date('10-04-1999','DD/MM/RR'),to_date('10-04-1969','DD/MM/RR'),'ST_CLERK',2100,NULL,121,50,'direccion33');
Insert into empleados (id_empleado,nombre,apellidomaterno,apellidopaterno,email,numerotelefono,fechacontratacion,fechanacimiento,id_cargo,salario,comission,id_jefe,id_departmento, direccion) values (133,'Jason','Mallin','Rogers','JMALLIN@hotmail.com','650.127.1934',to_date('14-06-1996','DD/MM/RR'),to_date('14-06-1966','DD/MM/RR'),'ST_CLERK',3300,NULL,122,50,'direccion34');
Insert into empleados (id_empleado,nombre,apellidomaterno,apellidopaterno,email,numerotelefono,fechacontratacion,fechanacimiento,id_cargo,salario,comission,id_jefe,id_departmento, direccion) values (134,'Michael','Rogers','Gee','MROGERS@hotmail.com','650.127.1834',to_date('26-08-1998','DD/MM/RR'),to_date('26-08-1968','DD/MM/RR'),'ST_CLERK',2900,NULL,122,50,'direccion35');
Insert into empleados (id_empleado,nombre,apellidomaterno,apellidopaterno,email,numerotelefono,fechacontratacion,fechanacimiento,id_cargo,salario,comission,id_jefe,id_departmento, direccion) values (135,'Ki','Gee','Philtanker','KGEE@hotmail.com','650.127.1734',to_date('12-12-1999','DD/MM/RR'),to_date('12-12-1969','DD/MM/RR'),'ST_CLERK',2400,NULL,122,50,'direccion36');
Insert into empleados (id_empleado,nombre,apellidomaterno,apellidopaterno,email,numerotelefono,fechacontratacion,fechanacimiento,id_cargo,salario,comission,id_jefe,id_departmento, direccion) values (136,'Hazel','Philtanker','Ladwig','HPHILTAN@hotmail.com','650.127.1634',to_date('06-02-2000','DD/MM/RR'),to_date('06-02-1970','DD/MM/RR'),'ST_CLERK',2200,NULL,122,50,'direccion37');
Insert into empleados (id_empleado,nombre,apellidomaterno,apellidopaterno,email,numerotelefono,fechacontratacion,fechanacimiento,id_cargo,salario,comission,id_jefe,id_departmento, direccion) values (137,'Renske','Ladwig','Stiles','RLADWIG@hotmail.com','650.121.1234',to_date('14-07-1995','DD/MM/RR'),to_date('14-07-1965','DD/MM/RR'),'ST_CLERK',3600,0.1,123,50,'direccion38');
Insert into empleados (id_empleado,nombre,apellidomaterno,apellidopaterno,email,numerotelefono,fechacontratacion,fechanacimiento,id_cargo,salario,comission,id_jefe,id_departmento, direccion) values (138,'Stephen','Stiles','Seo','SSTILES@hotmail.com','650.121.2034',to_date('26-10-1997','DD/MM/RR'),to_date('26-10-1967','DD/MM/RR'),'ST_CLERK',3200,NULL,123,50,'direccion39');
Insert into empleados (id_empleado,nombre,apellidomaterno,apellidopaterno,email,numerotelefono,fechacontratacion,fechanacimiento,id_cargo,salario,comission,id_jefe,id_departmento, direccion) values (139,'John','Seo','Patel','JSEO@hotmail.com','650.121.2019',to_date('12-02-1998','DD/MM/RR'),to_date('12-02-1968','DD/MM/RR'),'ST_CLERK',2700,NULL,123,50,'direccion40');
Insert into empleados (id_empleado,nombre,apellidomaterno,apellidopaterno,email,numerotelefono,fechacontratacion,fechanacimiento,id_cargo,salario,comission,id_jefe,id_departmento, direccion) values (140,'Joshua','Patel','Rajs','JPATEL@hotmail.com','650.121.1834',to_date('06-04-1998','DD/MM/RR'),to_date('06-04-1968','DD/MM/RR'),'ST_CLERK',2500,NULL,123,50,'direccion41');
Insert into empleados (id_empleado,nombre,apellidomaterno,apellidopaterno,email,numerotelefono,fechacontratacion,fechanacimiento,id_cargo,salario,comission,id_jefe,id_departmento, direccion) values (141,'Trenna','Rajs','Davies','TRAJS@hotmail.com','650.121.8009',to_date('17-10-1995','DD/MM/RR'),to_date('17-10-1965','DD/MM/RR'),'ST_CLERK',3500,NULL,124,50,'direccion42');
Insert into empleados (id_empleado,nombre,apellidomaterno,apellidopaterno,email,numerotelefono,fechacontratacion,fechanacimiento,id_cargo,salario,comission,id_jefe,id_departmento, direccion) values (142,'Curtis','Davies','Matos','CDAVIES@hotmail.com','650.121.2994',to_date('29-01-1997','DD/MM/RR'),to_date('29-01-1967','DD/MM/RR'),'ST_CLERK',3100,NULL,124,50,'direccion43');
Insert into empleados (id_empleado,nombre,apellidomaterno,apellidopaterno,email,numerotelefono,fechacontratacion,fechanacimiento,id_cargo,salario,comission,id_jefe,id_departmento, direccion) values (143,'Randall','Matos','Vargas','RMATOS@hotmail.com','650.121.2874',to_date('15-03-1998','DD/MM/RR'),to_date('15-03-1968','DD/MM/RR'),'ST_CLERK',2600,NULL,124,50,'direccion44');
Insert into empleados (id_empleado,nombre,apellidomaterno,apellidopaterno,email,numerotelefono,fechacontratacion,fechanacimiento,id_cargo,salario,comission,id_jefe,id_departmento, direccion) values (144,'Peter','Vargas','Russell','PVARGAS@hotmail.com','650.121.2004',to_date('09-07-1998','DD/MM/RR'),to_date('09-07-1968','DD/MM/RR'),'ST_CLERK',2500,NULL,124,50,'direccion45');
Insert into empleados (id_empleado,nombre,apellidomaterno,apellidopaterno,email,numerotelefono,fechacontratacion,fechanacimiento,id_cargo,salario,comission,id_jefe,id_departmento, direccion) values (145,'John','Russell','Partners','JRUSSEL@hotmail.com','011.44.1344.429268',to_date('01-10-1996','DD/MM/RR'),to_date('01-10-1966','DD/MM/RR'),'SA_MAN',14000,NULL,100,80,'direccion46');
Insert into empleados (id_empleado,nombre,apellidomaterno,apellidopaterno,email,numerotelefono,fechacontratacion,fechanacimiento,id_cargo,salario,comission,id_jefe,id_departmento, direccion) values (146,'Karen','Partners','Errazuriz','KPARTNER@hotmail.com','011.44.1344.467268',to_date('05-01-1997','DD/MM/RR'),to_date('05-01-1967','DD/MM/RR'),'SA_MAN',13500,0.1,100,80,'direccion47');
Insert into empleados (id_empleado,nombre,apellidomaterno,apellidopaterno,email,numerotelefono,fechacontratacion,fechanacimiento,id_cargo,salario,comission,id_jefe,id_departmento, direccion) values (147,'Alberto','Errazuriz','Cambrault','AERRAZUR@hotmail.com','011.44.1344.429278',to_date('10-03-1997','DD/MM/RR'),to_date('10-03-1967','DD/MM/RR'),'SA_MAN',12000,NULL,100,80,'direccion48');
Insert into empleados (id_empleado,nombre,apellidomaterno,apellidopaterno,email,numerotelefono,fechacontratacion,fechanacimiento,id_cargo,salario,comission,id_jefe,id_departmento, direccion) values (148,'Gerald','Cambrault','Zlotkey','GCAMBRAU@hotmail.com','011.44.1344.619268',to_date('15-10-1999','DD/MM/RR'),to_date('15-10-1969','DD/MM/RR'),'SA_MAN',11000,0.15,100,80,'direccion49');
Insert into empleados (id_empleado,nombre,apellidomaterno,apellidopaterno,email,numerotelefono,fechacontratacion,fechanacimiento,id_cargo,salario,comission,id_jefe,id_departmento, direccion) values (149,'Eleni','Zlotkey','Tucker','EZLOTKEY@hotmail.com','011.44.1344.429018',to_date('29-01-2000','DD/MM/RR'),to_date('29-01-1970','DD/MM/RR'),'SA_MAN',10500,NULL,100,80,'direccion50');
Insert into empleados (id_empleado,nombre,apellidomaterno,apellidopaterno,email,numerotelefono,fechacontratacion,fechanacimiento,id_cargo,salario,comission,id_jefe,id_departmento, direccion) values (150,'Peter','Tucker','Bernstein','PTUCKER@hotmail.com','011.44.1344.129268',to_date('30-01-1997','DD/MM/RR'),to_date('30-01-1967','DD/MM/RR'),'SA_REP',10000,NULL,145,80,'direccion51');
Insert into empleados (id_empleado,nombre,apellidomaterno,apellidopaterno,email,numerotelefono,fechacontratacion,fechanacimiento,id_cargo,salario,comission,id_jefe,id_departmento, direccion) values (151,'David','Bernstein','Hall','DBERNSTE@hotmail.com','011.44.1344.345268',to_date('24-03-1997','DD/MM/RR'),to_date('24-03-1967','DD/MM/RR'),'SA_REP',9500,0.15,145,80,'direccion52');
Insert into empleados (id_empleado,nombre,apellidomaterno,apellidopaterno,email,numerotelefono,fechacontratacion,fechanacimiento,id_cargo,salario,comission,id_jefe,id_departmento, direccion) values (152,'Peter','Hall','Olsen','PHALL@hotmail.com','011.44.1344.478968',to_date('20-08-1997','DD/MM/RR'),to_date('20-08-1967','DD/MM/RR'),'SA_REP',9000,NULL,145,80,'direccion53');
Insert into empleados (id_empleado,nombre,apellidomaterno,apellidopaterno,email,numerotelefono,fechacontratacion,fechanacimiento,id_cargo,salario,comission,id_jefe,id_departmento, direccion) values (153,'Christopher','Olsen','Cambrault','COLSEN@hotmail.com','011.44.1344.498718',to_date('30-03-1998','DD/MM/RR'),to_date('30-03-1968','DD/MM/RR'),'SA_REP',8000,NULL,145,80,'direccion54');
Insert into empleados (id_empleado,nombre,apellidomaterno,apellidopaterno,email,numerotelefono,fechacontratacion,fechanacimiento,id_cargo,salario,comission,id_jefe,id_departmento, direccion) values (154,'Nanette','Cambrault','Tuvault','NCAMBRAU@hotmail.com','011.44.1344.987668',to_date('09-12-1998','DD/MM/RR'),to_date('09-12-1968','DD/MM/RR'),'SA_REP',7500,0.1,145,80,'direccion55');
Insert into empleados (id_empleado,nombre,apellidomaterno,apellidopaterno,email,numerotelefono,fechacontratacion,fechanacimiento,id_cargo,salario,comission,id_jefe,id_departmento, direccion) values (155,'Oliver','Tuvault','King','OTUVAULT@hotmail.com','011.44.1344.486508',to_date('23-11-1999','DD/MM/RR'),to_date('23-11-1969','DD/MM/RR'),'SA_REP',7000,NULL,145,80,'direccion56');
Insert into empleados (id_empleado,nombre,apellidomaterno,apellidopaterno,email,numerotelefono,fechacontratacion,fechanacimiento,id_cargo,salario,comission,id_jefe,id_departmento, direccion) values (156,'ENEette','King','Sully','JKING@hotmail.com','011.44.1345.429268',to_date('30-01-1996','DD/MM/RR'),to_date('30-01-1966','DD/MM/RR'),'SA_REP',10000,0.1,146,80,'direccion57');
Insert into empleados (id_empleado,nombre,apellidomaterno,apellidopaterno,email,numerotelefono,fechacontratacion,fechanacimiento,id_cargo,salario,comission,id_jefe,id_departmento, direccion) values (157,'Patrick','Sully','McEwen','PSULLY@hotmail.com','011.44.1345.929268',to_date('04-03-1996','DD/MM/RR'),to_date('04-03-1966','DD/MM/RR'),'SA_REP',9500,NULL,146,80,'direccion58');
Insert into empleados (id_empleado,nombre,apellidomaterno,apellidopaterno,email,numerotelefono,fechacontratacion,fechanacimiento,id_cargo,salario,comission,id_jefe,id_departmento, direccion) values (158,'Allan','McEwen','Smith','AMCEWEN@hotmail.com','011.44.1345.829268',to_date('01-08-1996','DD/MM/RR'),to_date('01-08-1966','DD/MM/RR'),'SA_REP',9000,NULL,146,80,'direccion59');
Insert into empleados (id_empleado,nombre,apellidomaterno,apellidopaterno,email,numerotelefono,fechacontratacion,fechanacimiento,id_cargo,salario,comission,id_jefe,id_departmento, direccion) values (159,'Lindsey','Smith','Doran','LSMITH@hotmail.com','011.44.1345.729268',to_date('10-03-1997','DD/MM/RR'),to_date('10-03-1967','DD/MM/RR'),'SA_REP',8000,0.1,146,80,'direccion60');
Insert into empleados (id_empleado,nombre,apellidomaterno,apellidopaterno,email,numerotelefono,fechacontratacion,fechanacimiento,id_cargo,salario,comission,id_jefe,id_departmento, direccion) values (160,'Louise','Doran','Marlow','LDORAN@hotmail.com','011.44.1345.629268',to_date('15-12-1997','DD/MM/RR'),to_date('15-12-1967','DD/MM/RR'),'SA_REP',7500,NULL,146,80,'direccion61');
Insert into empleados (id_empleado,nombre,apellidomaterno,apellidopaterno,email,numerotelefono,fechacontratacion,fechanacimiento,id_cargo,salario,comission,id_jefe,id_departmento, direccion) values (161,'Sarath','Sewall','Olson','SSEWALL@hotmail.com','011.44.1345.529268',to_date('03-11-1998','DD/MM/RR'),to_date('03-11-1968','DD/MM/RR'),'SA_REP',7000,NULL,146,80,'direccion62');
Insert into empleados (id_empleado,nombre,apellidomaterno,apellidopaterno,email,numerotelefono,fechacontratacion,fechanacimiento,id_cargo,salario,comission,id_jefe,id_departmento, direccion) values (162,'Clara','Vishney','Mallin','CVISHNEY@hotmail.com','011.44.1346.129268',to_date('11-11-1997','DD/MM/RR'),to_date('11-11-1967','DD/MM/RR'),'SA_REP',10500,NULL,147,80,'direccion63');
Insert into empleados (id_empleado,nombre,apellidomaterno,apellidopaterno,email,numerotelefono,fechacontratacion,fechanacimiento,id_cargo,salario,comission,id_jefe,id_departmento, direccion) values (163,'Danielle','Greene','Rogers','DGREENE@hotmail.com','011.44.1346.229268',to_date('19-03-1999','DD/MM/RR'),to_date('19-03-1969','DD/MM/RR'),'SA_REP',9500,NULL,147,80,'direccion64');
Insert into empleados (id_empleado,nombre,apellidomaterno,apellidopaterno,email,numerotelefono,fechacontratacion,fechanacimiento,id_cargo,salario,comission,id_jefe,id_departmento, direccion) values (164,'Mattea','Marvins','Gee','MMARVINS@hotmail.com','011.44.1346.329268',to_date('24-01-2000','DD/MM/RR'),to_date('24-01-1970','DD/MM/RR'),'SA_REP',7200,NULL,147,80,'direccion65');
Insert into empleados (id_empleado,nombre,apellidomaterno,apellidopaterno,email,numerotelefono,fechacontratacion,fechanacimiento,id_cargo,salario,comission,id_jefe,id_departmento, direccion) values (165,'David','Lee','Philtanker','DLEE@hotmail.com','011.44.1346.529268',to_date('23-02-2000','DD/MM/RR'),to_date('23-02-1970','DD/MM/RR'),'SA_REP',6800,NULL,147,80,'direccion66');
Insert into empleados (id_empleado,nombre,apellidomaterno,apellidopaterno,email,numerotelefono,fechacontratacion,fechanacimiento,id_cargo,salario,comission,id_jefe,id_departmento, direccion) values (166,'Sundar','Ande','Ladwig','SANDE@hotmail.com','011.44.1346.629268',to_date('24-03-2000','DD/MM/RR'),to_date('24-03-1970','DD/MM/RR'),'SA_REP',6400,NULL,147,80,'direccion67');
Insert into empleados (id_empleado,nombre,apellidomaterno,apellidopaterno,email,numerotelefono,fechacontratacion,fechanacimiento,id_cargo,salario,comission,id_jefe,id_departmento, direccion) values (167,'Amit','Banda','Stiles','ABANDA@hotmail.com','011.44.1346.729268',to_date('21-04-2000','DD/MM/RR'),to_date('21-04-1970','DD/MM/RR'),'SA_REP',6200,0.1,147,80,'direccion68');
Insert into empleados (id_empleado,nombre,apellidomaterno,apellidopaterno,email,numerotelefono,fechacontratacion,fechanacimiento,id_cargo,salario,comission,id_jefe,id_departmento, direccion) values (168,'Lisa','Ozer','Seo','LOZER@hotmail.com','011.44.1343.929268',to_date('11-03-1997','DD/MM/RR'),to_date('11-03-1967','DD/MM/RR'),'SA_REP',11500,NULL,148,80,'direccion69');
Insert into empleados (id_empleado,nombre,apellidomaterno,apellidopaterno,email,numerotelefono,fechacontratacion,fechanacimiento,id_cargo,salario,comission,id_jefe,id_departmento, direccion) values (169,'Harrison','Bloom','Patel','HBLOOM@hotmail.com','011.44.1343.829268',to_date('23-03-1998','DD/MM/RR'),to_date('23-03-1968','DD/MM/RR'),'SA_REP',10000,NULL,148,80,'direccion70');
Insert into empleados (id_empleado,nombre,apellidomaterno,apellidopaterno,email,numerotelefono,fechacontratacion,fechanacimiento,id_cargo,salario,comission,id_jefe,id_departmento, direccion) values (170,'Tayler','Fox','Rajs','TFOX@hotmail.com','011.44.1343.729268',to_date('24-01-1998','DD/MM/RR'),to_date('24-01-1968','DD/MM/RR'),'SA_REP',9600,NULL,148,80,'direccion71');
Insert into empleados (id_empleado,nombre,apellidomaterno,apellidopaterno,email,numerotelefono,fechacontratacion,fechanacimiento,id_cargo,salario,comission,id_jefe,id_departmento, direccion) values (171,'William','Smith','Davies','WSMITH@hotmail.com','011.44.1343.629268',to_date('23-02-1999','DD/MM/RR'),to_date('23-02-1969','DD/MM/RR'),'SA_REP',7400,NULL,148,80,'direccion72');
Insert into empleados (id_empleado,nombre,apellidomaterno,apellidopaterno,email,numerotelefono,fechacontratacion,fechanacimiento,id_cargo,salario,comission,id_jefe,id_departmento, direccion) values (172,'Elizabeth','Bates','Matos','EBATES@hotmail.com','011.44.1343.529268',to_date('24-03-1999','DD/MM/RR'),to_date('24-03-1969','DD/MM/RR'),'SA_REP',7300,NULL,148,80,'direccion73');
Insert into empleados (id_empleado,nombre,apellidomaterno,apellidopaterno,email,numerotelefono,fechacontratacion,fechanacimiento,id_cargo,salario,comission,id_jefe,id_departmento, direccion) values (173,'Sundita','Kumar','Vargas','SKUMAR@hotmail.com','011.44.1343.329268',to_date('21-04-2000','DD/MM/RR'),to_date('21-04-1970','DD/MM/RR'),'SA_REP',6100,NULL,148,80,'direccion74');
Insert into empleados (id_empleado,nombre,apellidomaterno,apellidopaterno,email,numerotelefono,fechacontratacion,fechanacimiento,id_cargo,salario,comission,id_jefe,id_departmento, direccion) values (174,'Ellen','Abel','Russell','EABEL@hotmail.com','011.44.1644.429267',to_date('11-05-1996','DD/MM/RR'),to_date('11-05-1966','DD/MM/RR'),'SA_REP',11000,NULL,149,80,'direccion75');
Insert into empleados (id_empleado,nombre,apellidomaterno,apellidopaterno,email,numerotelefono,fechacontratacion,fechanacimiento,id_cargo,salario,comission,id_jefe,id_departmento, direccion) values (175,'Alyssa','Hutton','Partners','AHUTTON@hotmail.com','011.44.1644.429266',to_date('19-03-1997','DD/MM/RR'),to_date('19-03-1967','DD/MM/RR'),'SA_REP',8800,NULL,149,80,'direccion76');
Insert into empleados (id_empleado,nombre,apellidomaterno,apellidopaterno,email,numerotelefono,fechacontratacion,fechanacimiento,id_cargo,salario,comission,id_jefe,id_departmento, direccion) values (176,'Jonathon','Taylor','Errazuriz','JTAYLOR@hotmail.com','011.44.1644.429265',to_date('24-03-1998','DD/MM/RR'),to_date('24-03-1968','DD/MM/RR'),'SA_REP',8600,0.1,149,80,'direccion77');
Insert into empleados (id_empleado,nombre,apellidomaterno,apellidopaterno,email,numerotelefono,fechacontratacion,fechanacimiento,id_cargo,salario,comission,id_jefe,id_departmento, direccion) values (177,'Jack','Livingston','Cambrault','JLIVINGS@hotmail.com','011.44.1644.429264',to_date('23-04-1998','DD/MM/RR'),to_date('23-04-1968','DD/MM/RR'),'SA_REP',8400,NULL,149,80,'direccion78');
Insert into empleados (id_empleado,nombre,apellidomaterno,apellidopaterno,email,numerotelefono,fechacontratacion,fechanacimiento,id_cargo,salario,comission,id_jefe,id_departmento, direccion) values (178,'Kimberely','Grant','Zlotkey','KGRANT@hotmail.com','011.44.1644.429263',to_date('24-05-1999','DD/MM/RR'),to_date('24-05-1969','DD/MM/RR'),'SA_REP',7000,0.1,149,80,'direccion79');
Insert into empleados (id_empleado,nombre,apellidomaterno,apellidopaterno,email,numerotelefono,fechacontratacion,fechanacimiento,id_cargo,salario,comission,id_jefe,id_departmento, direccion) values (179,'Charles','Johnson','Tucker','CJOHNSON@hotmail.com','011.44.1644.429262',to_date('04-01-2000','DD/MM/RR'),to_date('04-01-1970','DD/MM/RR'),'SA_REP',6200,NULL,149,80,'direccion80');
Insert into empleados (id_empleado,nombre,apellidomaterno,apellidopaterno,email,numerotelefono,fechacontratacion,fechanacimiento,id_cargo,salario,comission,id_jefe,id_departmento, direccion) values (180,'Winston','Taylor','Bernstein','WTAYLOR@hotmail.com','650.507.9876',to_date('24-01-1998','DD/MM/RR'),to_date('24-01-1968','DD/MM/RR'),'SH_CLERK',3200,NULL,120,50,'direccion81');
Insert into empleados (id_empleado,nombre,apellidomaterno,apellidopaterno,email,numerotelefono,fechacontratacion,fechanacimiento,id_cargo,salario,comission,id_jefe,id_departmento, direccion) values (181,'Jean','Fleaur','Hall','JFLEAUR@hotmail.com','650.507.9877',to_date('23-02-1998','DD/MM/RR'),to_date('23-02-1968','DD/MM/RR'),'SH_CLERK',3100,0.1,120,50,'direccion82');
Insert into empleados (id_empleado,nombre,apellidomaterno,apellidopaterno,email,numerotelefono,fechacontratacion,fechanacimiento,id_cargo,salario,comission,id_jefe,id_departmento, direccion) values (182,'Martha','Sullivan','Olsen','MSULLIVA@hotmail.com','650.507.9878',to_date('21-06-1999','DD/MM/RR'),to_date('21-06-1969','DD/MM/RR'),'SH_CLERK',2500,NULL,120,50,'direccion83');
Insert into empleados (id_empleado,nombre,apellidomaterno,apellidopaterno,email,numerotelefono,fechacontratacion,fechanacimiento,id_cargo,salario,comission,id_jefe,id_departmento, direccion) values (183,'Girard','Geoni','Cambrault','GGEONI@hotmail.com','650.507.9879',to_date('03-02-2000','DD/MM/RR'),to_date('03-02-1970','DD/MM/RR'),'SH_CLERK',2800,NULL,120,50,'direccion84');
Insert into empleados (id_empleado,nombre,apellidomaterno,apellidopaterno,email,numerotelefono,fechacontratacion,fechanacimiento,id_cargo,salario,comission,id_jefe,id_departmento, direccion) values (184,'Nandita','Sarchand','Tuvault','NSARCHAN@hotmail.com','650.509.1876',to_date('27-01-1996','DD/MM/RR'),to_date('27-01-1966','DD/MM/RR'),'SH_CLERK',4200,0.1,121,50,'direccion85');
Insert into empleados (id_empleado,nombre,apellidomaterno,apellidopaterno,email,numerotelefono,fechacontratacion,fechanacimiento,id_cargo,salario,comission,id_jefe,id_departmento, direccion) values (185,'Alexis','Bull','King','ABULL@hotmail.com','650.509.2876',to_date('20-02-1997','DD/MM/RR'),to_date('20-02-1967','DD/MM/RR'),'SH_CLERK',4100,NULL,121,50,'direccion86');
Insert into empleados (id_empleado,nombre,apellidomaterno,apellidopaterno,email,numerotelefono,fechacontratacion,fechanacimiento,id_cargo,salario,comission,id_jefe,id_departmento, direccion) values (186,'Julia','Dellinger','Sully','JDELLING@hotmail.com','650.509.3876',to_date('24-06-1998','DD/MM/RR'),to_date('24-06-1968','DD/MM/RR'),'SH_CLERK',3400,0.1,121,50,'direccion87');
Insert into empleados (id_empleado,nombre,apellidomaterno,apellidopaterno,email,numerotelefono,fechacontratacion,fechanacimiento,id_cargo,salario,comission,id_jefe,id_departmento, direccion) values (187,'Anthony','Cabrio','McEwen','ACABRIO@hotmail.com','650.509.4876',to_date('07-02-1999','DD/MM/RR'),to_date('07-02-1969','DD/MM/RR'),'SH_CLERK',3000,NULL,121,50,'direccion88');
Insert into empleados (id_empleado,nombre,apellidomaterno,apellidopaterno,email,numerotelefono,fechacontratacion,fechanacimiento,id_cargo,salario,comission,id_jefe,id_departmento, direccion) values (188,'Kelly','Chung','Smith','KCHUNG@hotmail.com','650.505.1876',to_date('14-06-1997','DD/MM/RR'),to_date('14-06-1967','DD/MM/RR'),'SH_CLERK',3800,NULL,122,50,'direccion89');
Insert into empleados (id_empleado,nombre,apellidomaterno,apellidopaterno,email,numerotelefono,fechacontratacion,fechanacimiento,id_cargo,salario,comission,id_jefe,id_departmento, direccion) values (189,'Jennifer','Dilly','Doran','JDILLY@hotmail.com','650.505.2876',to_date('13-08-1997','DD/MM/RR'),to_date('13-08-1967','DD/MM/RR'),'SH_CLERK',3600,0.1,122,50,'direccion90');
Insert into empleados (id_empleado,nombre,apellidomaterno,apellidopaterno,email,numerotelefono,fechacontratacion,fechanacimiento,id_cargo,salario,comission,id_jefe,id_departmento, direccion) values (190,'Timothy','Gates','Marlow','TGATES@hotmail.com','650.505.3876',to_date('11-07-1998','DD/MM/RR'),to_date('11-07-1968','DD/MM/RR'),'SH_CLERK',2900,NULL,122,50,'direccion91');
Insert into empleados (id_empleado,nombre,apellidomaterno,apellidopaterno,email,numerotelefono,fechacontratacion,fechanacimiento,id_cargo,salario,comission,id_jefe,id_departmento, direccion) values (191,'Randall','Perkins','Olson','RPERKINS@hotmail.com','650.505.4876',to_date('19-12-1999','DD/MM/RR'),to_date('19-12-1969','DD/MM/RR'),'SH_CLERK',2500,NULL,122,50,'direccion92');
Insert into empleados (id_empleado,nombre,apellidomaterno,apellidopaterno,email,numerotelefono,fechacontratacion,fechanacimiento,id_cargo,salario,comission,id_jefe,id_departmento, direccion) values (192,'Sarah','Bell','Mallin','SBELL@hotmail.com','650.501.1876',to_date('04-02-1996','DD/MM/RR'),to_date('04-02-1966','DD/MM/RR'),'SH_CLERK',4000,NULL,123,50,'direccion93');
Insert into empleados (id_empleado,nombre,apellidomaterno,apellidopaterno,email,numerotelefono,fechacontratacion,fechanacimiento,id_cargo,salario,comission,id_jefe,id_departmento, direccion) values (193,'Britney','Everett','Rogers','BEVERETT@hotmail.com','650.501.2876',to_date('03-03-1997','DD/MM/RR'),to_date('03-03-1967','DD/MM/RR'),'SH_CLERK',3900,NULL,123,50,'direccion94');
Insert into empleados (id_empleado,nombre,apellidomaterno,apellidopaterno,email,numerotelefono,fechacontratacion,fechanacimiento,id_cargo,salario,comission,id_jefe,id_departmento, direccion) values (194,'Samuel','McCain','Gee','SMCCAIN@hotmail.com','650.501.3876',to_date('01-07-1998','DD/MM/RR'),to_date('01-07-1968','DD/MM/RR'),'SH_CLERK',3200,NULL,123,50,'direccion95');
Insert into empleados (id_empleado,nombre,apellidomaterno,apellidopaterno,email,numerotelefono,fechacontratacion,fechanacimiento,id_cargo,salario,comission,id_jefe,id_departmento, direccion) values (195,'Vance','Jones','Philtanker','VJONES@hotmail.com','650.501.4876',to_date('17-03-1999','DD/MM/RR'),to_date('17-03-1969','DD/MM/RR'),'SH_CLERK',2800,NULL,123,50,'direccion96');
Insert into empleados (id_empleado,nombre,apellidomaterno,apellidopaterno,email,numerotelefono,fechacontratacion,fechanacimiento,id_cargo,salario,comission,id_jefe,id_departmento, direccion) values (196,'Alana','Walsh','Ladwig','AWALSH@hotmail.com','650.507.9811',to_date('24-04-1998','DD/MM/RR'),to_date('24-04-1968','DD/MM/RR'),'SH_CLERK',3100,NULL,124,50,'direccion97');
Insert into empleados (id_empleado,nombre,apellidomaterno,apellidopaterno,email,numerotelefono,fechacontratacion,fechanacimiento,id_cargo,salario,comission,id_jefe,id_departmento, direccion) values (197,'Kevin','Feeney','Stiles','KFEENEY@hotmail.com','650.507.9822',to_date('23-05-1998','DD/MM/RR'),to_date('23-05-1968','DD/MM/RR'),'SH_CLERK',3000,0.1,124,50,'direccion98');
Insert into empleados (id_empleado,nombre,apellidomaterno,apellidopaterno,email,numerotelefono,fechacontratacion,fechanacimiento,id_cargo,salario,comission,id_jefe,id_departmento, direccion) values (198,'Donald','OConnell','Seo','DOCONNEL@hotmail.com','650.507.9833',to_date('21-06-1999','DD/MM/RR'),to_date('21-06-1969','DD/MM/RR'),'SH_CLERK',2600,NULL,124,50,'direccion99');
Insert into empleados (id_empleado,nombre,apellidomaterno,apellidopaterno,email,numerotelefono,fechacontratacion,fechanacimiento,id_cargo,salario,comission,id_jefe,id_departmento, direccion) values (199,'Douglas','Grant','Patel','DGRANT@hotmail.com','650.507.9844',to_date('13-01-2000','DD/MM/RR'),to_date('13-01-1970','DD/MM/RR'),'SH_CLERK',2600,NULL,124,50,'direccion100');
Insert into empleados (id_empleado,nombre,apellidomaterno,apellidopaterno,email,numerotelefono,fechacontratacion,fechanacimiento,id_cargo,salario,comission,id_jefe,id_departmento, direccion) values (200,'Jennifer','Whalen','Rajs','JWHALEN@hotmail.com','515.123.4444',to_date('17-09-1987','DD/MM/RR'),to_date('17-09-1957','DD/MM/RR'),'AD_ASST',4400,NULL,101,10,'direccion101');
Insert into empleados (id_empleado,nombre,apellidomaterno,apellidopaterno,email,numerotelefono,fechacontratacion,fechanacimiento,id_cargo,salario,comission,id_jefe,id_departmento, direccion) values (201,'Michael','Hartstein','Davies','MHARTSTE@hotmail.com','515.123.5555',to_date('17-02-1996','DD/MM/RR'),to_date('17-02-1966','DD/MM/RR'),'MK_MAN',13000,NULL,100,20,'direccion102');
Insert into empleados (id_empleado,nombre,apellidomaterno,apellidopaterno,email,numerotelefono,fechacontratacion,fechanacimiento,id_cargo,salario,comission,id_jefe,id_departmento, direccion) values (202,'Pat','Fay','Matos','PFAY@hotmail.com','603.123.6666',to_date('17-08-1997','DD/MM/RR'),to_date('17-08-1967','DD/MM/RR'),'MK_REP',6000,NULL,201,20,'direccion103');
Insert into empleados (id_empleado,nombre,apellidomaterno,apellidopaterno,email,numerotelefono,fechacontratacion,fechanacimiento,id_cargo,salario,comission,id_jefe,id_departmento, direccion) values (203,'Susan','Mavris','Vargas','SMAVRIS@hotmail.com','515.123.7777',to_date('07-06-1994','DD/MM/RR'),to_date('07-06-1964','DD/MM/RR'),'HR_REP',6500,NULL,101,40,'direccion104');
Insert into empleados (id_empleado,nombre,apellidomaterno,apellidopaterno,email,numerotelefono,fechacontratacion,fechanacimiento,id_cargo,salario,comission,id_jefe,id_departmento, direccion) values (204,'Hermann','Baer','Russell','HBAER@hotmail.com','515.123.8888',to_date('07-06-1994','DD/MM/RR'),to_date('07-06-1964','DD/MM/RR'),'PR_REP',10000,NULL,101,70,'direccion105');
Insert into empleados (id_empleado,nombre,apellidomaterno,apellidopaterno,email,numerotelefono,fechacontratacion,fechanacimiento,id_cargo,salario,comission,id_jefe,id_departmento, direccion) values (205,'Shelley','Higgins','Partners','SHIGGINS@hotmail.com','515.123.8080',to_date('07-06-1994','DD/MM/RR'),to_date('07-06-1964','DD/MM/RR'),'AC_MGR',12000,NULL,101,110,'direccion106');
Insert into empleados (id_empleado,nombre,apellidomaterno,apellidopaterno,email,numerotelefono,fechacontratacion,fechanacimiento,id_cargo,salario,comission,id_jefe,id_departmento, direccion) values (206,'William','Gietz','Errazuriz','WGIETZ@hotmail.com','515.123.8181',to_date('07-06-1994','DD/MM/RR'),to_date('07-06-1964','DD/MM/RR'),'AC_ACCOUNT',8300,0.1,205,110,'direccion107');

delete empleados